<?xml version="1.0"?>
<doc>
    <assembly>
        <name>ReactCore.Web</name>
    </assembly>
    <members>
        <member name="M:ReactCore.Web.Controllers.DataGridController.GetDataGridData">
            <summary>
            Retrieve mock data grid data.
            </summary>
            <returns></returns>
            <response code="200">Ok</response>
            <response code="403">Requires <see cref="F:ReactCore.Web.Attributes.Authorization.ClaimsAuthorizationConstants.Claims.Read"/> claim.</response>
        </member>
        <member name="M:ReactCore.Web.Controllers.UserController.GetUserInfo">
            <summary>
            Retrieve current user information
            </summary>
            <returns></returns>
            <response code="200">Ok</response>
        </member>
        <member name="M:ReactCore.Web.Controllers.UserController.ResetUser(System.String)">
            <summary>
            Reset user info in security cache
            </summary>
            <param name="userKey">The cache key for the user to reset.  This is typically their AB domain login.</param>
            <returns></returns>
            <response code="200">Ok</response>
            <response code="403">Requires <see cref="F:ReactCore.Web.Attributes.Authorization.ClaimsAuthorizationConstants.Claims.ResetUser"/> claim.</response>
        </member>
        <member name="M:ReactCore.Web.Swagger.ConfigureSwaggerOptions.#ctor(Microsoft.AspNetCore.Mvc.ApiExplorer.IApiVersionDescriptionProvider)">
            <summary>
            Initializes a new instance of the <see cref="T:ReactCore.Web.Swagger.ConfigureSwaggerOptions"/> class.
            </summary>
            <param name="provider">The <see cref="T:Microsoft.AspNetCore.Mvc.ApiExplorer.IApiVersionDescriptionProvider">provider</see> used to generate Swagger documents.</param>
        </member>
        <member name="M:ReactCore.Web.Swagger.ConfigureSwaggerOptions.Configure(Swashbuckle.AspNetCore.SwaggerGen.SwaggerGenOptions)">
            <inheritdoc />
        </member>
        <member name="M:ReactCore.Web.Swagger.SwaggerDefaultValues.Apply(Swashbuckle.AspNetCore.Swagger.Operation,Swashbuckle.AspNetCore.SwaggerGen.OperationFilterContext)">
            <summary>
            Applies the filter to the specified operation using the given context.
            </summary>
            <param name="operation">The operation to apply the filter to.</param>
            <param name="context">The current operation filter context.</param>
        </member>
    </members>
</doc>
